Group,Message,Exit %,Intent,Intent Suggestion,Users,Count,Exit % vs Prev Date Period,Date Period,Version,Platform
Fantasy football,Can i start alex collins next week?,100.00%,,,1,1,0,Today,All versions,All platforms
Correct response,👍,100.00%,,,1,1,0,Today,All versions,All platforms
Technical enquiry,need to register xbox <num> again?,100.00%,,,1,1,0,Today,All versions,All platforms
Episode request,Where can I finde the bears vs Vikings game from week <num>,100.00%,,,1,1,0,Today,All versions,All platforms
Unknown,.,100.00%,,,1,1,0,Today,All versions,All platforms
Hide chatbot request,"yes, can u get rid of this annoying pop up please?",100.00%,,,1,1,0,Today,All versions,All platforms
Urgent ticket request,If this continues I 'm going to be requesting half a year refund.,100.00%,,,1,1,0,Today,All versions,All platforms
Unknown,Morgan Taylor Australia <num>,100.00%,,,1,1,0,Today,All versions,All platforms
Urgent ticket request,I CAN <*> GO BACK TO TUESDAY,100.00%,,,1,1,0,Today,All versions,All platforms
Technical issues,Not able to access currently,100.00%,,,1,1,0,Today,All versions,All platforms
Unknown,<num>,100.00%,,,1,1,0,Today,All versions,All platforms
Access,Ca <*> find TV provider in Australia,100.00%,,,1,1,0,Today,All versions,All platforms
Technical issues,im trying watch on my smart tv and its not loading,100.00%,,,1,1,0,Today,All versions,All platforms
Unknown,I have a log in,100.00%,,,1,1,0,Today,All versions,All platforms
Unknown,Was that just a generic email address?,100.00%,,,1,1,0,Today,All versions,All platforms
Incorrect response,No,0.00%,,,4,5,0,Today,All versions,All platforms
Technical issues,Approximately how many GB to stream <num> full live game?,0.00%,,,1,1,0,Today,All versions,All platforms
Billing issue,Hi I purchased nfl game while in USA I have returned home to Australia and when I login it says I have to buy it again,0.00%,,,1,1,0,Today,All versions,All platforms
Unknown,on android tv,0.00%,,,1,1,0,Today,All versions,All platforms
Technical issues,No longer able to view <*> on Xbox One device,0.00%,,,1,1,0,Today,All versions,All platforms
Technical enquiry,Is there a HD <*> Standard format selection in the app? I observed yesterday. I streamed a live game. It took way more data than usual,0.00%,,,1,1,0,Today,All versions,All platforms
Bot question,Are you a robot?,0.00%,,,1,1,0,Today,All versions,All platforms
Ticket request,"Well, I thought this might happen give it to a person robotic <*>",0.00%,,,1,1,0,Today,All versions,All platforms
Incorrect response,No that didnt help,0.00%,,,1,1,0,Today,All versions,All platforms
Unknown,I have <*>,0.00%,,,1,1,0,Today,All versions,All platforms
Technical issues,Keeps saying my account is being used to stream on another device,0.00%,,,1,1,0,Today,All versions,All platforms
Unknown,xbox,0.00%,,,1,1,0,Today,All versions,All platforms
Login issues,Your password reset is not working,0.00%,,,1,1,0,Today,All versions,All platforms
Login issues,does <*> recognize my account,0.00%,,,1,1,0,Today,All versions,All platforms
Unknown,Ca <*> find TV provider in <other>,0.00%,,,1,1,0,Today,All versions,All platforms
Missing content,The bears Vikings game from week <num> is missing,0.00%,,,1,1,0,Today,All versions,All platforms
Urgent ticket request,If you do <*> understand just say so.,0.00%,,,1,1,0,Today,All versions,All platforms
Goodbye,bye,0.00%,,,1,1,0,Today,All versions,All platforms
Urgent ticket request,If you ca <*> answer this I will terminate my subscription and NFL will lose money. It is unacceptable.,0.00%,,,1,1,0,Today,All versions,All platforms
Technical issues,How do i connect my xbox to my <*>,0.00%,,,1,1,0,Today,All versions,All platforms
Unknown,<other>,0.00%,,,1,1,0,Today,All versions,All platforms
Account details,What ’s my registration number,0.00%,,,1,1,0,Today,All versions,All platforms
Episode request,What are the most recent A Football Life episodes?,0.00%,,,1,1,0,Today,All versions,All platforms
Content issue,"Hi I just upgraded my subscription, but ca <*> see the game live",0.00%,,,1,1,0,Today,All versions,All platforms
Billing issue,Not sure if I ’ve paid for my subscription? How can I find out?,0.00%,,,1,1,0,Today,All versions,All platforms
Unknown,what about on my pc,0.00%,,,1,1,0,Today,All versions,All platforms
Technical issues,its slow,0.00%,,,1,1,0,Today,All versions,All platforms
Technical issues,Connecting my xbox,0.00%,,,1,1,0,Today,All versions,All platforms
Login issues,I can not log in,0.00%,,,1,1,0,Today,All versions,All platforms
Unknown,NFL Network,0.00%,,,1,1,0,Today,All versions,All platforms
Technical issues,keeps coming up.,0.00%,,,1,1,0,Today,All versions,All platforms
Website login info,how do you log in on the website?,0.00%,,,1,1,0,Today,All versions,All platforms
Access,can i subscribe in australia?,0.00%,,,1,1,0,Today,All versions,All platforms
Ticket request,None of the help,0.00%,,,1,1,0,Today,All versions,All platforms
Episode request,A Football Life?,0.00%,,,1,1,0,Today,All versions,All platforms
Subscription information,What happens after the <num> dayssubriction,0.00%,,,1,1,0,Today,All versions,All platforms
Feature request,"oops:..... done a great job of improving the streaming service. But there is <num> major thing, and it really could and should be fixed before the playoffs.... the way to think about this is to be a viewer that is international, or ca <*> possibly watch the game beforehand- what 's the worst thing? Knowing about the <other> other words, knowing the game is or is <*> going into <*> You need to deal with the time bar. There are <num> ways to do <*> <num>. Option to hide it, like you do with cc and other features( but not hide the <num> second movers) <num>. Do it like an old <*>... just put <num> hours on the bar, and whenever it finishes, either run the test screen or fill it with <*> or vintage stuff, anything. Please think about this, it does <*> seem like a big deal, but it is. Watch a few yourself this week, without knowing the outcome... you 'll see. It really sucks. Starting with Packers Vikings and Packers Bears the first <num> weeks. Everyone I know who watches these games feels the same, and same for MLB by the way... um there is <num> hours on the timeline, I think maybe we are going to alot of extra innings! That 's all!! Thanks, Steve",0.00%,,,1,1,0,Today,All versions,All platforms
Unknown,International,0.00%,,,1,1,0,Today,All versions,All platforms
Access,i am in Australia.... how do i watch the saints,0.00%,,,1,1,0,Today,All versions,All platforms
Technical issues,NFL Network not working on Apple TV,0.00%,,,1,1,0,Today,All versions,All platforms
Website issue,<*> on your website does not work,0.00%,,,1,1,0,Today,All versions,All platforms
Technical issues,i 've always been able to watch the game on my computer up until now what is different,0.00%,,,1,1,0,Today,All versions,All platforms
Access,How can I see the game in my timezone?,0.00%,,,1,1,0,Today,All versions,All platforms
Urgent ticket request,not helpful,0.00%,,,1,1,0,Today,All versions,All platforms
Junk,Ply,0.00%,,,1,1,0,Today,All versions,All platforms
Billing enquiry,can I just buy <num> game?,0.00%,,,1,1,0,Today,All versions,All platforms
Technical issues,My Xbox is asking me to sign in via <*> but <*> i put all the details in it wont sign in. I have tried this on <num> different laptops,0.00%,,,1,1,0,Today,All versions,All platforms
Unknown,pausing,0.00%,,,1,1,0,Today,All versions,All platforms
Technical issues,register xbox,0.00%,,,1,1,0,Today,All versions,All platforms
Access,Hong Kong,0.00%,,,1,1,0,Today,All versions,All platforms
Subscription enquiry,Hi i am trying to unsubscribe from my free trial. Can you please check if i was <*> ful in doing so?,0.00%,,,1,1,0,Today,All versions,All platforms
Technical issues,"I frequently get your account is in use on another device"" but it is not in use.""",0.00%,,,1,1,0,Today,All versions,All platforms
Technical issues,when I go to the website for my Australian IP address the screen does <*> load properly and I can not watch videos,0.00%,,,1,1,0,Today,All versions,All platforms
Ticket request,how do i make my team win?,0.00%,,,1,1,0,Today,All versions,All platforms